what,kind,bundleId,bundleVersion,description,time
started,bundle,org.tigris.subversion.subclipse.tools.usage,1.0.1,"org.tigris.subversion.subclipse.tools.usage",1356526269126
started,bundle,de.walware.ecommons.coremisc,1.1.0.b201111071356sw,"de.walware.ecommons.coremisc",1356526269126
started,bundle,de.walware.ecommons.ltk.ui,1.1.0.b201111071356sw,"de.walware.ecommons.ltk.ui",1356526269126
started,bundle,de.walware.ecommons.uimisc,1.1.1.b201111071356sw,"de.walware.ecommons.uimisc",1356526269126
started,bundle,de.walware.statet.nico.core,2.0.0.b201111071356sw,"de.walware.statet.nico.core",1356526269126
started,bundle,de.walware.statet.nico.ui,2.0.1.b201111071356sw,"de.walware.statet.nico.ui",1356526269126
started,bundle,org.eclipse.egit.core,2.0.0.201206130900-r,"org.eclipse.egit.core",1356526269126
started,bundle,org.eclipse.egit.ui,2.0.0.201206130900-r,"org.eclipse.egit.ui",1356526269126
started,bundle,org.eclipse.equinox.weaving.aspectj,1.0.1.HEAD,"org.eclipse.equinox.weaving.aspectj",1356526269126
started,bundle,org.eclipse.equinox.weaving.caching,1.0.100.HEAD,"org.eclipse.equinox.weaving.caching",1356526269126
started,bundle,org.eclipse.equinox.weaving.caching.j9,1.0.100.HEAD,"org.eclipse.equinox.weaving.caching.j9",1356526269126
started,bundle,org.eclipse.jgit,2.0.0.201206130900-r,"org.eclipse.jgit",1356526269126
os,sysinfo,,,"linux",1356526269322
arch,sysinfo,,,"x86_64",1356526269322
ws,sysinfo,,,"gtk",1356526269322
locale,sysinfo,,,"en_US",1356526269322
processors,sysinfo,,,"2",1356526269322
java.runtime.name,sysinfo,,,"Java(TM) SE Runtime Environment",1356526269322
java.runtime.version,sysinfo,,,"1.7.0-b147",1356526269322
java.specification.name,sysinfo,,,"Java Platform API Specification",1356526269322
java.specification.vendor,sysinfo,,,"Oracle Corporation",1356526269322
java.specification.version,sysinfo,,,"1.7",1356526269322
java.vendor,sysinfo,,,"Oracle Corporation",1356526269322
java.version,sysinfo,,,"1.7.0",1356526269322
java.vm.info,sysinfo,,,"mixed mode",1356526269322
java.vm.name,sysinfo,,,"Java HotSpot(TM) 64-Bit Server VM",1356526269322
java.vm.specification.name,sysinfo,,,"Java Virtual Machine Specification",1356526269322
java.vm.specification.vendor,sysinfo,,,"Oracle Corporation",1356526269322
java.vm.specification.version,sysinfo,,,"1.7",1356526269322
java.vm.vendor,sysinfo,,,"Oracle Corporation",1356526269322
java.vm.version,sysinfo,,,"21.0-b17",1356526269322
started,bundle,com.collabnet.subversion.merge,2.2.4,"com.collabnet.subversion.merge",1356526269517
started,bundle,org.eclipse.compare.core,3.5.200.I20110208-0800,"org.eclipse.compare.core",1356526269548
started,bundle,org.eclipse.compare,3.5.201.R37x_v20110817-0800,"org.eclipse.compare",1356526269557
started,bundle,org.tigris.subversion.subclipse.ui,1.6.18,"org.tigris.subversion.subclipse.ui",1356526269645
started,bundle,org.eclipse.contribution.weaving.jdt,2.1.3.e37x-20110628-1900,"org.eclipse.contribution.weaving.jdt",1356526269931
deactivated,workbench,org.eclipse.ui.workbench,3.7.0.I20110519-0100,"",1356526272610
closed,workbench,org.eclipse.ui.workbench,3.7.0.I20110519-0100,"",1356526496094
stopped,bundle,org.eclipse.jst.ws.axis.creation.ui,1.0.700.v201104070312,"org.eclipse.jst.ws.axis.creation.ui",1356526496655
stopped,bundle,org.eclipse.jst.ws.axis.consumption.ui,1.0.505.v201004211805,"org.eclipse.jst.ws.axis.consumption.ui",1356526496655
stopped,bundle,org.eclipse.jst.ws.axis.consumption.core,1.0.407.v201104071820,"org.eclipse.jst.ws.axis.consumption.core",1356526496655
stopped,bundle,org.eclipse.jst.ws.axis2.creation.ui,1.0.104.v201004211805,"org.eclipse.jst.ws.axis2.creation.ui",1356526496655
stopped,bundle,org.eclipse.jst.ws.axis2.consumption.ui,1.0.103.v201004211805,"org.eclipse.jst.ws.axis2.consumption.ui",1356526496655
stopped,bundle,org.eclipse.jst.ws.axis2.creation.core,1.0.106.v201004211805,"org.eclipse.jst.ws.axis2.creation.core",1356526496655
stopped,bundle,org.eclipse.jst.ws.axis2.consumption.core,1.0.105.v201004211805,"org.eclipse.jst.ws.axis2.consumption.core",1356526496655
stopped,bundle,org.eclipse.jst.ws.axis2.ui,1.0.303.v201003110431,"org.eclipse.jst.ws.axis2.ui",1356526496655
stopped,bundle,org.eclipse.jst.ws.axis2.core,1.0.204.v201004211805,"org.eclipse.jst.ws.axis2.core",1356526496655
stopped,bundle,org.eclipse.jst.ws.cxf.creation.ui,1.0.100.v201104022153,"org.eclipse.jst.ws.cxf.creation.ui",1356526496655
stopped,bundle,org.eclipse.jst.ws.creation.ui,1.0.609.v201103082016,"org.eclipse.jst.ws.creation.ui",1356526496655
stopped,bundle,org.eclipse.jst.ws.cxf.consumption.ui,1.0.0.v201003222311,"org.eclipse.jst.ws.cxf.consumption.ui",1356526496655
stopped,bundle,org.eclipse.jst.ws.consumption.ui,1.1.401.v201108240414,"org.eclipse.jst.ws.consumption.ui",1356526496656
stopped,bundle,org.eclipse.jst.ws.consumption,1.0.601.v201108230319,"org.eclipse.jst.ws.consumption",1356526496656
stopped,bundle,org.eclipse.jst.ws.cxf.consumption.core,1.0.0.v201003222311,"org.eclipse.jst.ws.cxf.consumption.core",1356526496656
stopped,bundle,org.eclipse.jst.ws.cxf.creation.core,1.0.100.v201104022153,"org.eclipse.jst.ws.cxf.creation.core",1356526496656
stopped,bundle,org.eclipse.jst.ws.cxf.ui,1.0.0.v201004171919,"org.eclipse.jst.ws.cxf.ui",1356526496656
stopped,bundle,org.eclipse.jst.ws.cxf.core,1.0.100.v201104022153,"org.eclipse.jst.ws.cxf.core",1356526496656
stopped,bundle,org.eclipse.jst.ws.uddiregistry,1.0.500.v201004211805,"org.eclipse.jst.ws.uddiregistry",1356526496656
stopped,bundle,org.eclipse.jst.ws.ui,1.0.403.v201004211805,"org.eclipse.jst.ws.ui",1356526496656
stopped,bundle,org.eclipse.jst.ws,1.0.509.v201108250610,"org.eclipse.jst.ws",1356526496656
stopped,bundle,org.eclipse.wst.ws.explorer,1.0.607.v201103082002,"org.eclipse.wst.ws.explorer",1356526496656
stopped,bundle,org.eclipse.wst.wsdl.ui,1.2.403.v201108240515,"org.eclipse.wst.wsdl.ui",1356526496656
stopped,bundle,org.eclipse.wst.ws.ui,1.1.200.v201004211805,"org.eclipse.wst.ws.ui",1356526496656
stopped,bundle,org.eclipse.wst.wsi.ui,1.0.502.v201104071820,"org.eclipse.wst.wsi.ui",1356526496657
stopped,bundle,org.eclipse.wst.wsi,1.0.401.v201104071820,"org.eclipse.wst.wsi",1356526496657
stopped,bundle,org.eclipse.wst.ws,1.1.203.v201004211805,"org.eclipse.wst.ws",1356526496657
stopped,bundle,org.eclipse.jst.j2ee.webservice.ui,1.1.500.v201105122000,"org.eclipse.jst.j2ee.webservice.ui",1356526496658
stopped,bundle,org.eclipse.jst.j2ee.webservice,1.1.400.v201004110600,"org.eclipse.jst.j2ee.webservice",1356526496658
stopped,bundle,org.eclipse.wst.ws.parser,1.0.403.v201004211805,"org.eclipse.wst.ws.parser",1356526496658
stopped,bundle,org.eclipse.jpt.dbws.eclipselink.ui,1.0.0.v201104110000,"org.eclipse.jpt.dbws.eclipselink.ui",1356526496658
stopped,bundle,org.eclipse.jst.ws.jaxws.ui,1.0.100.v201104032053,"org.eclipse.jst.ws.jaxws.ui",1356526496658
stopped,bundle,org.eclipse.jst.ws.jaxws.core,1.0.100.v201104031139,"org.eclipse.jst.ws.jaxws.core",1356526496659
stopped,bundle,org.eclipse.mylyn.bugzilla.ui,3.6.0.v20110608-1400,"org.eclipse.mylyn.bugzilla.ui",1356526496659
stopped,bundle,org.eclipse.mylyn.bugzilla.core,3.6.2.v20110903-0100,"org.eclipse.mylyn.bugzilla.core",1356526496659
stopped,bundle,org.eclipse.mylyn.commons.xmlrpc,3.6.0.v20110608-1400,"org.eclipse.mylyn.commons.xmlrpc",1356526496659
stopped,bundle,org.eclipse.datatools.enablement.oda.ws.ui,1.2.2.v201105111200,"org.eclipse.datatools.enablement.oda.ws.ui",1356526496659
stopped,bundle,org.eclipse.datatools.enablement.oda.ws,1.2.2.v201106161731,"org.eclipse.datatools.enablement.oda.ws",1356526496660
stopped,bundle,org.eclipse.wst.wsdl,1.2.202.v201108230355,"org.eclipse.wst.wsdl",1356526496660
stopped,bundle,org.eclipse.wst.wsdl.validation,1.1.502.v201104071820,"org.eclipse.wst.wsdl.validation",1356526496660
stopped,bundle,org.eclipse.wst.xsl.exslt.ui,1.0.0.v201006012005,"org.eclipse.wst.xsl.exslt.ui",1356526496660
stopped,bundle,org.eclipse.wst.xsl.jaxp.debug.ui,1.0.200.v201103081922,"org.eclipse.wst.xsl.jaxp.debug.ui",1356526496660
stopped,bundle,org.eclipse.wst.xsl.ui,1.1.200.v201103082057,"org.eclipse.wst.xsl.ui",1356526496660
stopped,bundle,org.eclipse.wst.xml.xpath.ui,1.1.100.v201105030025,"org.eclipse.wst.xml.xpath.ui",1356526496660
stopped,bundle,org.eclipse.wst.xsl.debug.ui,1.0.200.v201101281837,"org.eclipse.wst.xsl.debug.ui",1356526496660
stopped,bundle,org.eclipse.wst.xsl.jaxp.launching,1.0.200.v201103081922,"org.eclipse.wst.xsl.jaxp.launching",1356526496660
stopped,bundle,org.eclipse.wst.xsl.launching,1.0.200.v201103081922,"org.eclipse.wst.xsl.launching",1356526496660
stopped,bundle,org.eclipse.wst.xsl.core,1.1.100.v201102270516,"org.eclipse.wst.xsl.core",1356526496660
stopped,bundle,org.eclipse.wst.xml.xpath.core,1.2.1.v201109010357,"org.eclipse.wst.xml.xpath.core",1356526496660
stopped,bundle,org.eclipse.datatools.enablement.oda.xml.ui,1.2.1.v201104211630,"org.eclipse.datatools.enablement.oda.xml.ui",1356526496660
stopped,bundle,org.eclipse.datatools.enablement.oda.xml,1.2.1.v201104121500,"org.eclipse.datatools.enablement.oda.xml",1356526496660
stopped,bundle,org.eclipse.jst.jsf.apache.trinidad.tagsupport,1.1.200.v201104061711,"org.eclipse.jst.jsf.apache.trinidad.tagsupport",1356526496660
stopped,bundle,org.eclipse.jst.jsf.facelet.ui,1.0.1.v201104032306,"org.eclipse.jst.jsf.facelet.ui",1356526496661
stopped,bundle,org.eclipse.jst.jsf.facelet.core,1.0.100.v201104191527,"org.eclipse.jst.jsf.facelet.core",1356526496661
stopped,bundle,org.eclipse.jst.jsf.facesconfig.ui,1.2.2.v201103292152,"org.eclipse.jst.jsf.facesconfig.ui",1356526496661
stopped,bundle,org.eclipse.jst.jsf.ui,1.3.2.v201104251204,"org.eclipse.jst.jsf.ui",1356526496661
stopped,bundle,org.eclipse.jst.pagedesigner.jsf.ui,1.2.100.v201104061711,"org.eclipse.jst.pagedesigner.jsf.ui",1356526496661
stopped,bundle,org.eclipse.jst.pagedesigner,1.3.103.v201109010833,"org.eclipse.jst.pagedesigner",1356526496661
stopped,bundle,org.eclipse.jst.jsf.core,1.3.105.v201108261005,"org.eclipse.jst.jsf.core",1356526496661
stopped,bundle,org.eclipse.jst.jsf.common.ui,1.2.100.v201104061711,"org.eclipse.jst.jsf.common.ui",1356526496661
stopped,bundle,org.eclipse.jst.jsf.standard.tagsupport,1.2.100.v201104061711,"org.eclipse.jst.jsf.standard.tagsupport",1356526496661
stopped,bundle,org.eclipse.jst.pagedesigner.jsp.core,1.2.0.v20100308,"org.eclipse.jst.pagedesigner.jsp.core",1356526496661
stopped,bundle,org.eclipse.jst.jsf.common,1.2.3.v201104061039,"org.eclipse.jst.jsf.common",1356526496662
stopped,bundle,org.eclipse.wst.jsdt.web.support.jsp,1.0.400.v201102241833,"org.eclipse.wst.jsdt.web.support.jsp",1356526496662
stopped,bundle,org.eclipse.jst.jsp.ui,1.1.601.v201108151912,"org.eclipse.jst.jsp.ui",1356526496662
stopped,bundle,org.eclipse.jst.jsp.core,1.2.401.v201108302147,"org.eclipse.jst.jsp.core",1356526496662
stopped,bundle,org.eclipse.wst.jsdt.web.ui,1.0.401.v201108152113,"org.eclipse.wst.jsdt.web.ui",1356526496662
stopped,bundle,org.eclipse.jpt.jaxb.eclipselink.ui,1.1.0.v201105110000,"org.eclipse.jpt.jaxb.eclipselink.ui",1356526496663
stopped,bundle,org.eclipse.jpt.jaxb.ui,1.1.1.v201108080010,"org.eclipse.jpt.jaxb.ui",1356526496663
stopped,bundle,org.eclipse.jpt.jpa.eclipselink.ui,2.0.1.v201108080010,"org.eclipse.jpt.jpa.eclipselink.ui",1356526496663
stopped,bundle,org.eclipse.jpt.jpa.ui,3.0.1.v201108080010,"org.eclipse.jpt.jpa.ui",1356526496663
stopped,bundle,org.eclipse.jst.j2ee.ejb.annotations.ui,1.1.200.v201004290730,"org.eclipse.jst.j2ee.ejb.annotations.ui",1356526496663
stopped,bundle,oracle.eclipse.tools.glassfish,4.2.0.201111040904,"oracle.eclipse.tools.glassfish",1356526496663
stopped,bundle,org.eclipse.jst.ejb.ui,1.1.600.v201104261451,"org.eclipse.jst.ejb.ui",1356526496663
stopped,bundle,org.eclipse.jst.servlet.ui,1.1.501.v201108220630,"org.eclipse.jst.servlet.ui",1356526496663
stopped,bundle,org.eclipse.jst.ws.jaxws.dom.integration,1.0.100.v201101252155,"org.eclipse.jst.ws.jaxws.dom.integration",1356526496663
stopped,bundle,org.eclipse.jst.jee.ui,1.0.400.v201105122000,"org.eclipse.jst.jee.ui",1356526496663
stopped,bundle,org.eclipse.jst.j2ee.navigator.ui,1.1.501.v201107261503,"org.eclipse.jst.j2ee.navigator.ui",1356526496663
stopped,bundle,org.eclipse.jst.j2ee.jca.ui,1.1.400.v201004150700,"org.eclipse.jst.j2ee.jca.ui",1356526496664
stopped,bundle,org.eclipse.jst.j2ee.ui,1.1.501.v201108231700,"org.eclipse.jst.j2ee.ui",1356526496664
stopped,bundle,org.eclipse.wst.web.ui,1.1.400.v201004141630,"org.eclipse.wst.web.ui",1356526496664
stopped,bundle,org.eclipse.wst.html.ui,1.0.601.v201108152113,"org.eclipse.wst.html.ui",1356526496664
stopped,bundle,org.eclipse.wst.css.ui,1.0.600.v201103022054,"org.eclipse.wst.css.ui",1356526496664
stopped,bundle,org.eclipse.wst.jsdt.web.core,1.0.401.v201108152113,"org.eclipse.wst.jsdt.web.core",1356526496664
stopped,bundle,org.eclipse.wst.html.core,1.1.501.v201109080146,"org.eclipse.wst.html.core",1356526496664
stopped,bundle,org.eclipse.wst.css.core,1.1.500.v201104191926,"org.eclipse.wst.css.core",1356526496664
stopped,bundle,org.eclipse.jpt.jaxb.eclipselink.core,1.0.0.v201105180000,"org.eclipse.jpt.jaxb.eclipselink.core",1356526496664
stopped,bundle,org.eclipse.jpt.jpa.eclipselink.core,2.0.1.v201108303010,"org.eclipse.jpt.jpa.eclipselink.core",1356526496665
stopped,bundle,org.eclipse.jpt.common.eclipselink.core,1.0.1.v201108080010,"org.eclipse.jpt.common.eclipselink.core",1356526496665
stopped,bundle,org.eclipse.jpt.jaxb.core,1.0.1.v201108080010,"org.eclipse.jpt.jaxb.core",1356526496665
stopped,bundle,org.eclipse.jpt.jpa.core,3.0.1.v201109073010,"org.eclipse.jpt.jpa.core",1356526496665
stopped,bundle,org.eclipse.jpt.common.ui,1.0.0.v201104120000,"org.eclipse.jpt.common.ui",1356526496665
stopped,bundle,org.eclipse.jpt.common.core,1.0.1.v201108080010,"org.eclipse.jpt.common.core",1356526496665
stopped,bundle,org.eclipse.jst.j2ee.xdoclet.runtime,1.1.300.v201004280700,"org.eclipse.jst.j2ee.xdoclet.runtime",1356526496665
stopped,bundle,org.eclipse.jst.j2ee.ejb.annotations.xdoclet,1.2.200.v201103302125,"org.eclipse.jst.j2ee.ejb.annotations.xdoclet",1356526496665
stopped,bundle,org.eclipse.jst.j2ee.ejb.annotations.emitter,1.1.200.v200909290826,"org.eclipse.jst.j2ee.ejb.annotations.emitter",1356526496665
stopped,bundle,org.eclipse.jst.j2ee.ejb.annotation.model,1.1.300.v201003112036,"org.eclipse.jst.j2ee.ejb.annotation.model",1356526496665
stopped,bundle,org.eclipse.jst.jee.ejb,1.0.301.v201007070821,"org.eclipse.jst.jee.ejb",1356526496665
stopped,bundle,org.apache.geronimo.st.v11.ui,2.2.0,"org.apache.geronimo.st.v11.ui",1356526496665
stopped,bundle,org.apache.geronimo.st.v20.ui,2.2.0,"org.apache.geronimo.st.v20.ui",1356526496665
stopped,bundle,org.apache.geronimo.st.v22.ui,2.2.0,"org.apache.geronimo.st.v22.ui",1356526496665
stopped,bundle,org.apache.geronimo.st.v21.ui,2.2.0,"org.apache.geronimo.st.v21.ui",1356526496666
stopped,bundle,org.apache.geronimo.st.ui,2.2.0,"org.apache.geronimo.st.ui",1356526496666
stopped,bundle,org.apache.geronimo.st.v11.core,2.2.0,"org.apache.geronimo.st.v11.core",1356526496666
stopped,bundle,org.apache.geronimo.st.v20.core,2.2.0,"org.apache.geronimo.st.v20.core",1356526496666
stopped,bundle,org.apache.geronimo.st.v22.core,2.2.0,"org.apache.geronimo.st.v22.core",1356526496666
stopped,bundle,org.apache.geronimo.st.v21.core,2.2.0,"org.apache.geronimo.st.v21.core",1356526496666
stopped,bundle,org.apache.geronimo.st.core,2.2.0,"org.apache.geronimo.st.core",1356526496666
stopped,bundle,org.eclipse.jst.j2ee.ejb,1.1.503.v201108102200,"org.eclipse.jst.j2ee.ejb",1356526496666
stopped,bundle,org.eclipse.jst.jee.web,1.0.301.v201007070907,"org.eclipse.jst.jee.web",1356526496666
stopped,bundle,org.eclipse.jst.ws.jaxrs.ui,1.0.401.v201108230518,"org.eclipse.jst.ws.jaxrs.ui",1356526496666
stopped,bundle,org.eclipse.jst.ws.jaxrs.core,1.0.301.v201108240656,"org.eclipse.jst.ws.jaxrs.core",1356526496666
stopped,bundle,org.eclipse.jst.j2ee.web,1.1.501.v201108231500,"org.eclipse.jst.j2ee.web",1356526496667
stopped,bundle,org.eclipse.jst.jee,1.0.401.v201105122000,"org.eclipse.jst.jee",1356526496667
stopped,bundle,org.eclipse.jst.j2ee.jca,1.1.500.v201108102200,"org.eclipse.jst.j2ee.jca",1356526496667
stopped,bundle,org.eclipse.jst.jsf.facesconfig,1.2.2.v201105031140,"org.eclipse.jst.jsf.facesconfig",1356526496667
stopped,bundle,org.eclipse.jst.j2ee,1.1.501.v201108231845,"org.eclipse.jst.j2ee",1356526496667
stopped,bundle,org.eclipse.jst.j2ee.core,1.2.101.v201108110300,"org.eclipse.jst.j2ee.core",1356526496667
stopped,bundle,org.eclipse.wst.dtd.ui,1.0.600.v201103171359,"org.eclipse.wst.dtd.ui",1356526496667
stopped,bundle,org.eclipse.wst.dtd.core,1.1.501.v201107252021,"org.eclipse.wst.dtd.core",1356526496667
stopped,bundle,org.eclipse.wst.xsd.ui,1.2.404.v201105050216,"org.eclipse.wst.xsd.ui",1356526496667
stopped,bundle,org.eclipse.wst.xml.ui,1.1.201.v201108151912,"org.eclipse.wst.xml.ui",1356526496667
stopped,bundle,org.eclipse.wst.xml.xpath2.wtptypes,2.0.0.v201103212215,"org.eclipse.wst.xml.xpath2.wtptypes",1356526496667
stopped,bundle,org.eclipse.wst.xsd.core,1.1.600.v201104070312,"org.eclipse.wst.xsd.core",1356526496667
stopped,bundle,org.eclipse.wst.xml.core,1.1.601.v201108302147,"org.eclipse.wst.xml.core",1356526496667
stopped,bundle,org.eclipse.mylyn.ide.ant,3.6.0.v20110608-1400,"org.eclipse.mylyn.ide.ant",1356526496667
stopped,bundle,org.eclipse.ajdt.mylyn.ui,2.1.3.e37x-20110628-1900,"org.eclipse.ajdt.mylyn.ui",1356526496668
stopped,bundle,org.eclipse.mylyn.java.ui,3.6.0.v20110608-1400,"org.eclipse.mylyn.java.ui",1356526496668
stopped,bundle,org.eclipse.mylyn.ide.ui,3.6.0.v20110608-1400,"org.eclipse.mylyn.ide.ui",1356526496668
stopped,bundle,org.eclipse.mylyn.team.ui,3.6.1.v20110825-0100,"org.eclipse.mylyn.team.ui",1356526496669
stopped,bundle,org.eclipse.mylyn.resources.ui,3.6.0.v20110608-1400,"org.eclipse.mylyn.resources.ui",1356526496669
stopped,bundle,org.eclipse.mylyn.wikitext.tasks.ui,1.5.0.v20110608-1400,"org.eclipse.mylyn.wikitext.tasks.ui",1356526496669
stopped,bundle,org.eclipse.mylyn.context.ui,3.6.0.v20110608-1400,"org.eclipse.mylyn.context.ui",1356526496669
stopped,bundle,org.eclipse.mylyn.help.ui,3.6.1.v20110830-0100,"org.eclipse.mylyn.help.ui",1356526496669
stopped,bundle,org.eclipse.mylyn.java.tasks,3.6.0.v20110608-1400,"org.eclipse.mylyn.java.tasks",1356526496669
stopped,bundle,org.eclipse.mylyn.tasks.bugs,3.6.1.v20110825-0100,"org.eclipse.mylyn.tasks.bugs",1356526496669
stopped,bundle,org.eclipse.mylyn.tasks.ui,3.6.2.v20110826-0100,"org.eclipse.mylyn.tasks.ui",1356526496669
stopped,bundle,org.eclipse.tptp.platform.profile.server.core,4.3.2.v201010131657,"org.eclipse.tptp.platform.profile.server.core",1356526496670
stopped,bundle,org.eclipse.tptp.platform.jvmti.client,4.5.2.v201101211050,"org.eclipse.tptp.platform.jvmti.client",1356526496670
stopped,bundle,org.eclipse.tptp.platform.probekit.launch,4.5.0.v201005061600,"org.eclipse.tptp.platform.probekit.launch",1356526496670
stopped,bundle,org.eclipse.hyades.probekit.ui,4.1.600.v201005221043,"org.eclipse.hyades.probekit.ui",1356526496670
stopped,bundle,org.eclipse.hyades.probekit,4.3.2.v201101271120,"org.eclipse.hyades.probekit",1356526496670
stopped,bundle,org.eclipse.tptp.trace.jvmti.client,4.5.2.v201101211050,"org.eclipse.tptp.trace.jvmti.client",1356526496670
stopped,bundle,org.eclipse.hyades.trace.views,4.1.702.v201101211050,"org.eclipse.hyades.trace.views",1356526496670
stopped,bundle,org.eclipse.tptp.platform.integration.pde,4.5.2.v201101211050,"org.eclipse.tptp.platform.integration.pde",1356526496670
stopped,bundle,org.eclipse.hyades.trace.ui,4.5.102.v201101211900,"org.eclipse.hyades.trace.ui",1356526496670
stopped,bundle,org.eclipse.hyades.ui,4.3.0.v201005181900,"org.eclipse.hyades.ui",1356526496670
stopped,bundle,org.eclipse.tptp.platform.models,4.6.102.v201101211050,"org.eclipse.tptp.platform.models",1356526496670
stopped,bundle,org.eclipse.tptp.platform.common.ui.trace,4.4.2.v201101211050,"org.eclipse.tptp.platform.common.ui.trace",1356526496670
stopped,bundle,org.eclipse.tptp.platform.common.ui,4.4.301.v201012081900,"org.eclipse.tptp.platform.common.ui",1356526496670
stopped,bundle,org.eclipse.tptp.platform.common,4.4.3.v201101060044,"org.eclipse.tptp.platform.common",1356526496670
stopped,bundle,org.eclipse.tptp.platform.models.hierarchy,4.7.2.v201101211050,"org.eclipse.tptp.platform.models.hierarchy",1356526496670
stopped,bundle,org.eclipse.help.webapp,3.6.0.v20110518,"org.eclipse.help.webapp",1356526496670
stopped,bundle,org.eclipse.equinox.jsp.jasper.registry,1.0.200.v20100503,"org.eclipse.equinox.jsp.jasper.registry",1356526496670
stopped,bundle,org.eclipse.equinox.jsp.jasper,1.0.300.v20110502,"org.eclipse.equinox.jsp.jasper",1356526496671
stopped,bundle,org.eclipse.datatools.enablement.hsqldb.ui,1.0.0.v201108120600,"org.eclipse.datatools.enablement.hsqldb.ui",1356526496671
stopped,bundle,org.eclipse.datatools.enablement.ingres.ui,1.0.0.v201105270214,"org.eclipse.datatools.enablement.ingres.ui",1356526496671
stopped,bundle,org.eclipse.datatools.enablement.postgresql.ui,1.0.0.v200906020900,"org.eclipse.datatools.enablement.postgresql.ui",1356526496671
stopped,bundle,org.eclipse.datatools.enablement.sqlite.ui,1.0.0.v200906020900,"org.eclipse.datatools.enablement.sqlite.ui",1356526496671
stopped,bundle,org.eclipse.datatools.connectivity.db.generic.ui,1.0.1.v201004070709,"org.eclipse.datatools.connectivity.db.generic.ui",1356526496671
stopped,bundle,org.eclipse.datatools.connectivity.apache.derby.ui,1.0.3.v201007080903,"org.eclipse.datatools.connectivity.apache.derby.ui",1356526496671
stopped,bundle,org.eclipse.datatools.enablement.sybase.asa.schemaobjecteditor.examples,2.5.0.200810071,"org.eclipse.datatools.enablement.sybase.asa.schemaobjecteditor.examples",1356526496671
stopped,bundle,org.eclipse.datatools.enablement.sybase.asa.ui,1.0.1.v200906111150,"org.eclipse.datatools.enablement.sybase.asa.ui",1356526496671
stopped,bundle,org.eclipse.datatools.enablement.sybase.ase.ui,1.0.1.v200906020900,"org.eclipse.datatools.enablement.sybase.ase.ui",1356526496671
stopped,bundle,org.eclipse.datatools.enablement.sybase.ui,1.0.0.v200906090458,"org.eclipse.datatools.enablement.sybase.ui",1356526496671
stopped,bundle,org.eclipse.datatools.sqltools.data.ui,1.2.1.v201010270945,"org.eclipse.datatools.sqltools.data.ui",1356526496671
stopped,bundle,org.eclipse.datatools.connectivity.sqm.server.ui,1.1.100.v201009280455,"org.eclipse.datatools.connectivity.sqm.server.ui",1356526496672
stopped,bundle,org.eclipse.datatools.sqltools.ddlgen.ui,1.0.1.v201002270530,"org.eclipse.datatools.sqltools.ddlgen.ui",1356526496672
stopped,bundle,org.eclipse.datatools.sqltools.db.derby.ui,1.0.0.v200906020900,"org.eclipse.datatools.sqltools.db.derby.ui",1356526496672
stopped,bundle,org.eclipse.datatools.sqltools.db.generic.ui,1.0.0.v200906020900,"org.eclipse.datatools.sqltools.db.generic.ui",1356526496672
stopped,bundle,org.eclipse.datatools.sqltools.debugger.core.ui,1.0.0.v201003161000,"org.eclipse.datatools.sqltools.debugger.core.ui",1356526496672
stopped,bundle,org.eclipse.datatools.sqltools.routineeditor.ui,1.0.1.v201004060545,"org.eclipse.datatools.sqltools.routineeditor.ui",1356526496672
stopped,bundle,org.eclipse.datatools.sqltools.sqlbuilder,1.0.3.v201009131745,"org.eclipse.datatools.sqltools.sqlbuilder",1356526496672
stopped,bundle,org.eclipse.datatools.sqltools.debugger.core,1.0.1.v201005250945,"org.eclipse.datatools.sqltools.debugger.core",1356526496672
stopped,bundle,org.eclipse.datatools.sqltools.schemaobjecteditor.ui.pages,1.1.0.200810071,"org.eclipse.datatools.sqltools.schemaobjecteditor.ui.pages",1356526496672
stopped,bundle,org.eclipse.datatools.sqltools.schemaobjecteditor.ui,1.1.1.200810071,"org.eclipse.datatools.sqltools.schemaobjecteditor.ui",1356526496672
stopped,bundle,org.eclipse.datatools.sqltools.sqlscrapbook,1.0.1.v201005250945,"org.eclipse.datatools.sqltools.sqlscrapbook",1356526496672
stopped,bundle,org.eclipse.datatools.sqltools.sqleditor,1.0.2.v201009230800,"org.eclipse.datatools.sqltools.sqleditor",1356526496672
stopped,bundle,org.eclipse.datatools.sqltools.editor.core.ui,1.0.0.v201001150815,"org.eclipse.datatools.sqltools.editor.core.ui",1356526496672
stopped,bundle,org.eclipse.datatools.sqltools.tabledataeditor,1.0.1.v201005250945,"org.eclipse.datatools.sqltools.tabledataeditor",1356526496672
stopped,bundle,org.eclipse.datatools.connectivity.sqm.core.ui,1.2.0.v201002281800,"org.eclipse.datatools.connectivity.sqm.core.ui",1356526496672
stopped,bundle,org.eclipse.datatools.connectivity.ui.dse,1.1.4.v201004270430,"org.eclipse.datatools.connectivity.ui.dse",1356526496672
stopped,bundle,org.eclipse.pde.ua.ui,1.0.100.v20110516,"org.eclipse.pde.ua.ui",1356526496672
stopped,bundle,org.eclipse.datatools.connectivity.oda.template.ui,3.2.2.v201108260345,"org.eclipse.datatools.connectivity.oda.template.ui",1356526496672
stopped,bundle,org.eclipse.pde.api.tools.ui,1.0.301.v20110803_r371,"org.eclipse.pde.api.tools.ui",1356526496672
stopped,bundle,org.eclipse.pde.ds.ui,1.0.100.v20110516,"org.eclipse.pde.ds.ui",1356526496672
stopped,bundle,org.eclipse.ajdt.ui,2.1.3.e37x-20110628-1900,"org.eclipse.ajdt.ui",1356526496672
